{"cameraMode":{"drawMode":0,"name":"Shaded","section":"Shading Mode"},"sceneLighting":true,"audioPlay":false,"sceneViewState":{"m_AlwaysRefresh":false,"showFog":true,"showSkybox":true,"showFlares":true,"showImageEffects":true,"showParticleSystems":true,"showVisualEffectGraphs":true,"m_FxEnabled":true},"in2DMode":false,"pivot":{"x":0.4622616767883301,"y":5.785776138305664,"z":-0.8067183494567871},"rotation":{"x":0.08223805576562882,"y":0.9128700494766235,"z":-0.3278144299983978,"w":0.22918467223644257},"size":7.312786102294922,"orthographic":true}