{"cameraMode":{"drawMode":0,"name":"Shaded","section":"Shading Mode"},"sceneLighting":false,"audioPlay":false,"sceneViewState":{"m_AlwaysRefresh":false,"showFog":true,"showSkybox":false,"showFlares":true,"showImageEffects":true,"showParticleSystems":true,"showVisualEffectGraphs":true,"m_FxEnabled":true},"in2DMode":false,"pivot":{"x":0.0009528696537017822,"y":0.0030515268445014955,"z":-0.06982908397912979},"rotation":{"x":-0.10684618353843689,"y":0.8486724495887756,"z":-0.18782863020896913,"w":-0.48276621103286745},"size":0.08039195835590363,"orthographic":false}